blockName;totalObservations;totalScore;totalProfit;best;die1.obs;die1.p;die1.score;die2.obs;die2.p;die2.score
one;115;9.66625;-15.3338;die1;115;0.479339;-0.921939;0;0.0833333;-0.927614
two;135;9.66625;-15.3338;die1;125;0.520661;-0.921939;10;0.916667;-0.927614
