blockName;totalObservations;totalScore;totalProfit;best;die1.obs;die1.p;die1.score;die2.obs;die2.p;die2.score
one;94;9.31605;-11.6839;die1;94;0.470297;-0.907403;0;0.0833333;-0.915836
two;116;9.31605;-11.6839;die1;106;0.529703;-0.907403;10;0.916667;-0.915836
