blockName;totalObservations;totalScore;totalProfit;best;die1.obs;die1.p;die1.score;die2.obs;die2.p;die2.score
one;99;9.40919;-12.5908;die1;99;0.471698;-0.911517;0;0.0833333;-0.919253
two;121;9.40919;-12.5908;die1;111;0.528302;-0.911517;10;0.916667;-0.919253
