blockName;totalObservations;totalScore;totalProfit;best;die1.obs;die1.p;die1.score;die2.obs;die2.p;die2.score
one;104;9.49815;-13.5019;die1;104;0.472973;-0.91528;0;0.0833333;-0.922402
two;126;9.49815;-13.5019;die1;116;0.527027;-0.91528;10;0.916667;-0.922402
