blockName;totalObservations;totalScore;totalProfit;best;die1.obs;die1.p;die1.score;die2.obs;die2.p;die2.score
one;110;9.58473;-14.4153;die1;110;0.478448;-0.918759;0;0.0833333;-0.924886
two;130;9.58473;-14.4153;die1;120;0.521552;-0.918759;10;0.916667;-0.924886
