blockName;totalObservations;totalScore;totalProfit;best;die1.obs;die1.p;die1.score;die2.obs;die2.p;die2.score
one;139;9.96552;-19.0345;die1;139;0.496454;-0.932562;0;0.0833333;-0.935507
two;151;9.96552;-19.0345;die1;141;0.503546;-0.932562;10;0.916667;-0.935507
