blockName;totalObservations;totalScore;totalProfit;best;die1.obs;die1.p;die1.score;die2.obs;die2.p;die2.score
one;127;9.82184;-17.1782;die1;127;0.48855;-0.927641;0;0.0833333;-0.931797
two;143;9.82184;-17.1782;die1;133;0.51145;-0.927641;10;0.916667;-0.931797
