blockName;totalObservations;totalScore;totalProfit;best;die1.obs;die1.p;die1.score;die2.obs;die2.p;die2.score
one;121;9.74566;-16.2543;die1;121;0.484127;-0.924899;0;0.0833333;-0.929771
two;139;9.74566;-16.2543;die1;129;0.515873;-0.924899;10;0.916667;-0.929771
