blockName;totalObservations;totalScore;totalProfit;best;die1.obs;die1.p;die1.score;die2.obs;die2.p;die2.score
one;132;9.8943;-18.1057;die1;132;0.488971;-0.930173;0;0.0833333;-0.934051
two;148;9.8943;-18.1057;die1;138;0.511029;-0.930173;10;0.916667;-0.934051
